CREATE DATABASE ORG1;
SHOW DATABASES;
USE ORG1;
CREATE TABLE Worker (
WORKER_ID INT NOT NULL PRIMARY KEY AUTO_INCREMENT,
FIRST_NAME CHAR(25),
LAST_NAME CHAR(25),
SALARY INT,
JOINING_DATE DATE,
DEPARTMENT CHAR(25)
);
INSERT INTO Worker
(WORKER_ID, FIRST_NAME, LAST_NAME, SALARY, JOINING_DATE,
DEPARTMENT) VALUES
(001, 'Monika', 'Arora', 100000, '14-02-09', 'HR'),
(002, 'Niharika', 'Verma', 80000, '14-06-11', 'Admin'),
(003, 'Vishal', 'Singhal', 300000, '14-02-09', 'HR'),
(004, 'Amitabh', 'Singh', 500000, '14-02-09', 'Admin'),
(005, 'Vivek', 'Bhati', 500000, '14-06-11', 'Admin'),
(006, 'Vipul', 'Diwan', 200000, '14-06-11', 'Account'),
(007, 'Satish', 'Kumar', 75000, '14-01-09', 'Account'),
(008, 'Geetika', 'Chauhan', 90000, '14-04-11', 'Admin');
CREATE TABLE Bonus (
WORKER_REF_ID INT,
BONUS_AMOUNT INT,
BONUS_DATE DATE,
FOREIGN KEY (WORKER_REF_ID)
REFERENCES Worker(WORKER_ID)
 ON DELETE CASCADE
);
INSERT INTO Bonus
(WORKER_REF_ID, BONUS_AMOUNT, BONUS_DATE) VALUES
(001, 5000, '16-02-20'),
(002, 3000, '16-06-11'),
(003, 4000, '16-02-20'),
(001, 4500, '16-02-20'),
(002, 3500, '16-06-11');
CREATE TABLE Title (
WORKER_REF_ID INT,
WORKER_TITLE VARCHAR(25),
AFFECTED_FROM DATETIME,
FOREIGN KEY (WORKER_REF_ID)
REFERENCES Worker(WORKER_ID)
 ON DELETE CASCADE
);
INSERT INTO Title
(WORKER_REF_ID, WORKER_TITLE, AFFECTED_FROM) VALUES
(001, 'Manager', '2016-02-20 00:00:00'),
(002, 'Executive', '2016-06-11 00:00:00'),
(008, 'Executive', '2016-06-11 00:00:00'),
(005, 'Manager', '2016-06-11 00:00:00'),
(004, 'Asst. Manager', '2016-06-11 00:00:00'),
(007, 'Executive', '2016-06-11 00:00:00'),
(006, 'Lead', '2016-06-11 00:00:00'),
(003, 'Lead', '2016-06-11 00:00:00');
SELECT FIRST_NAME AS WORKER_NAME FROM Worker;
SELECT UPPER(FIRST_NAME) AS FIRST_NAME FROM Worker;
SELECT DISTINCT DEPARTMENT FROM Worker;
SELECT SUBSTRING(FIRST_NAME, 1, 3) AS FIRST_THREE_CHARACTERS FROM Worker;
SELECT INSTR(FIRST_NAME, 'a') FROM Worker WHERE FIRST_NAME = 'Amitabh';
SELECT RTRIM(FIRST_NAME) FROM Worker;
SELECT LTRIM(DEPARTMENT) FROM Worker;
SELECT DEPARTMENT, LENGTH(DEPARTMENT) FROM (SELECT DISTINCT DEPARTMENT FROM Worker) AS UniqueDepartments;
SELECT REPLACE(FIRST_NAME, 'a', 'A') FROM Worker;
SELECT CONCAT(FIRST_NAME, ' ', LAST_NAME) AS COMPLETE_NAME FROM Worker;
SELECT * FROM Worker ORDER BY FIRST_NAME ASC;
SELECT * FROM Worker ORDER BY FIRST_NAME ASC, DEPARTMENT DESC;
SELECT * FROM Worker WHERE FIRST_NAME IN ('Vipul', 'Satish');
SELECT * FROM Worker WHERE FIRST_NAME NOT IN ('Vipul', 'Satish');
SELECT * FROM Worker WHERE DEPARTMENT = 'Admin';
SELECT * FROM Worker WHERE FIRST_NAME LIKE '%a%';
SELECT * FROM Worker WHERE FIRST_NAME LIKE '%a';
SELECT * FROM Worker WHERE FIRST_NAME LIKE '_____h';
SELECT * FROM Worker WHERE SALARY BETWEEN 100000 AND 500000;
SELECT * FROM Worker WHERE JOINING_DATE BETWEEN '2014-02-01' AND '2014-02-28';
SELECT COUNT(*) FROM Worker WHERE DEPARTMENT = 'Admin';
SELECT FIRST_NAME FROM Worker WHERE SALARY >= 50000 AND SALARY < 100000;
SELECT DEPARTMENT, COUNT(*) AS NUM_WORKERS FROM Worker GROUP BY DEPARTMENT ORDER BY NUM_WORKERS DESC;
SELECT w.* FROM Worker w JOIN Title t ON w.WORKER_ID = t.WORKER_REF_ID WHERE t.WORKER_TITLE = 'Manager';
SELECT FIRST_NAME, LAST_NAME, COUNT(*) FROM Worker GROUP BY FIRST_NAME, LAST_NAME HAVING COUNT(*) > 1;
SELECT * FROM (SELECT *, ROW_NUMBER() OVER (ORDER BY WORKER_ID) AS row_num FROM Worker) AS numbered_rows WHERE row_num % 2 = 1;
SELECT * FROM (SELECT *, ROW_NUMBER() OVER (ORDER BY WORKER_ID) AS row_num FROM Worker) AS numbered_rows WHERE row_num % 2 = 0;
CREATE TABLE Worker8356 AS SELECT * FROM Worker;
SELECT * FROM Worker w INNER JOIN Bonus b ON w.WORKER_ID = b.WORKER_REF_ID;
SELECT * FROM Worker w WHERE NOT EXISTS (SELECT 1 FROM Bonus b WHERE w.WORKER_ID = b.WORKER_REF_ID);
SELECT NOW();
SELECT * FROM Worker LIMIT 10;
SELECT DISTINCT SALARY FROM Worker ORDER BY SALARY DESC LIMIT 1 OFFSET 4;
SELECT MIN(SALARY) FROM (SELECT DISTINCT SALARY FROM Worker ORDER BY SALARY DESC LIMIT 5) AS top5salaries;
SELECT SALARY, GROUP_CONCAT(FIRST_NAME) AS EMPLOYEES FROM Worker GROUP BY SALARY HAVING COUNT(*) > 1;
SELECT MAX(SALARY) FROM Worker WHERE SALARY < (SELECT MAX(SALARY) FROM Worker);
(SELECT * FROM Worker WHERE WORKER_ID = 1) UNION ALL (SELECT * FROM Worker WHERE WORKER_ID = 1);
SELECT * FROM Worker w INNER JOIN Bonus b ON w.WORKER_ID = b.WORKER_REF_ID;
SELECT DEPARSELECT DEPARTMENT FROM Worker GROUP BY DEPARTMENT HAVING COUNT(*) < 5;
SELECT DEPARTMENT, COUNT(*) AS NUM_WORKERS FROM Worker GROUP BY DEPARTMENT;
SELECT * FROM Worker ORDER BY WORKER_ID DESC LIMIT 1;
SELECT * FROM Worker ORDER BY WORKER_ID ASC LIMIT 1;
SELECT * FROM Worker ORDER BY WORKER_ID DESC LIMIT 5;
SELECT FIRST_NAME, DEPARTMENT FROM Worker w WHERE SALARY = (SELECT MAX(SALARY) FROM Worker WHERE DEPARTMENT = w.DEPARTMENT);
SELECT DISTINCT SALARY FROM Worker ORDER BY SALARY DESC LIMIT 3;
SELECT DISTINCT SALARY FROM Worker ORDER BY SALARY ASC LIMIT 3;
SELECT DEPARTMENT, SUM(SALARY) AS TOTAL_SALARY FROM Worker GROUP BY DEPARTMENT;